Freq(Mhz);Pol;X1;Y1;X2;Y2
23000;V;20.541770382;14.87416934;19.563483777;18.34643751
38000;V;19.750847018;17.78119661;19.563483777;18.34643751
23000;H;20.4996413359999;18.37253078;19.563483777;18.34643751
38000;V;19.676240045;18.5168026000001;19.563483777;18.34643751
38000;V;19.563483777;18.34643751;19.286351276;17.4711267500001
38000;V;19.563483777;18.34643751;20.308280825;19.96862083
38000;V;19.127426855;18.11012801;19.563483777;18.34643751
38000;V;19.740195767;18.98950612;19.563483777;18.34643751
38000;V;19.327512259;17.91515431;19.563483777;18.34643751
38000;V;19.065227409;19.03739805;19.563483777;18.34643751
23000;V;18.822904886;20.2174288;19.563483777;18.34643751
23000;H;19.563483777;18.34643751;21.103600433;20.60880192
23000;H;19.563483777;18.34643751;20.354390822;16.99978999
23000;H;20.041481852;19.71400492;19.563483777;18.34643751
23000;V;18.655434195;19.9981661799999;19.563483777;18.34643751
38000;V;19.967892612;19.05707582;19.563483777;18.34643751
38000;V;19.563483777;18.34643751;19.143943585;20.0999698
38000;V;19.608604397;18.73316467;19.563483777;18.34643751
10500;H;19.563483777;18.34643751;27.058735693;16.91449705
38000;V;19.563483777;18.34643751;18.623090335;18.60362896
38000;H;19.1850307229999;18.66042004;19.563483777;18.34643751
23000;V;18.565950349;18.51668876;19.563483777;18.34643751
38000;H;19.563483777;18.34643751;20.235489831;19.19744747
38000;V;19.563483777;18.34643751;18.9102739659999;18.08604362
38000;H;20.738642776;17.43228189;19.563483777;18.34643751
23000;V;19.563483777;18.34643751;20.737805416;19.96141353
23000;V;19.563483777;18.34643751;20.373195434;16.88806527
38000;V;19.542733287;19.97714321;19.563483777;18.34643751
38000;V;19.563483777;18.34643751;19.733652424;19.84892374
23000;V;19.888142241;17.91825791;19.563483777;18.34643751
38000;V;19.563483777;18.34643751;21.319431763;20.48813637
38000;V;19.563483777;18.34643751;20.5573911989999;20.19106087
23000;V;23.4184595539999;15.6322175100001;19.563483777;18.34643751
23000;V;19.638407582;17.73739487;19.563483777;18.34643751
38000;V;19.563483777;18.34643751;19.536825975;17.88950233
38000;V;18.974398569;17.79312644;19.563483777;18.34643751
23000;H;19.563483777;18.34643751;22.701481381;17.13405178
38000;H;19.937988064;18.12034678;19.563483777;18.34643751
38000;V;19.563483777;18.34643751;17.979546432;19.00846146
23000;H;20.606357845;17.02134321;19.563483777;18.34643751
23000;H;19.563483777;18.34643751;16.976549202;19.5197204699999
23000;V;19.563483777;18.34643751;16.4947550520001;19.85442067
23000;V;19.563483777;18.34643751;16.378608349;21.4800517599999
23000;H;19.563483777;18.34643751;17.977379417;19.15595858
38000;V;19.563483777;18.34643751;21.269875246;18.05419252
38000;H;19.563483777;18.34643751;19.635919231;16.6961730599999
38000;V;19.563483777;18.34643751;20.344016166;19.99645676
38000;V;19.563483777;18.34643751;19.5596748949999;20.47845342
38000;V;19.246760758;19.04361651;19.563483777;18.34643751
38000;V;19.563483777;18.34643751;19.950721456;18.9350083
23000;V;19.554405832;18.48489831;19.563483777;18.34643751
23000;V;19.529621915;19.09329155;19.563483777;18.34643751
23000;V;19.563483777;18.34643751;22.2557339709999;17.55646183
23000;V;19.563483777;18.34643751;17.315979605;19.2733102600001
38000;H;19.794710769;20.43772286;20.288381661;20.25482106
38000;V;19.794710769;20.43772286;20.166415284;20.15151382
38000;H;19.794710769;20.43772286;19.765057802;20.14897198
38000;H;19.794710769;20.43772286;19.931332441;20.4373453
38000;H;19.794710769;20.43772286;20.201867925;20.58198114
38000;V;19.794710769;20.43772286;19.985422802;20.5914497
38000;H;19.794710769;20.43772286;19.759886219;20.4793078299999
38000;V;19.794710769;20.43772286;19.561221156;20.31015298
38000;V;19.794710769;20.43772286;20.0536731970001;20.24246953
38000;V;19.794710769;20.43772286;19.748316665;20.61998328
38000;V;19.794710769;20.43772286;19.978708687;20.1935187
38000;V;19.794710769;20.43772286;20.718784441;20.38282803
23000;V;17.656341563;20.4694852999999;18.597551022;20.51228067
38000;V;17.656341563;20.4694852999999;16.7178112530001;20.55559768
38000;V;17.656341563;20.4694852999999;16.823944398;21.24453567
38000;V;17.656341563;20.4694852999999;17.7607682770001;20.8149839699999
38000;H;17.656341563;20.4694852999999;17.879200554;20.46995496
38000;V;17.656341563;20.4694852999999;17.86207917;20.76952175
38000;V;18.822674753;20.75385483;18.702111391;21.45248653
38000;V;18.822674753;20.75385483;18.547405026;21.30538398
38000;V;18.822674753;20.75385483;18.738741061;21.18797659
38000;V;18.822674753;20.75385483;18.781270685;20.64697314
38000;V;18.822674753;20.75385483;19.459458419;20.34659857
38000;V;18.822674753;20.75385483;19.386482477;21.08262815
38000;V;18.822674753;20.75385483;19.128923659;20.8982013599999
23000;H;18.822674753;20.75385483;19.55903041;20.1657553
23000;V;18.822674753;20.75385483;19.300732785;21.1988943
38000;H;18.822674753;20.75385483;19.379728453;20.6497689199999
38000;V;18.822674753;20.75385483;18.663285913;20.9183150600001
38000;V;18.822674753;20.75385483;17.213938699;20.38204023
38000;V;18.822674753;20.75385483;17.799288227;21.0289162
23000;H;18.822674753;20.75385483;19.1784903609999;20.5757848500001
23000;H;18.822674753;20.75385483;18.902403793;21.69903757
38000;V;18.822674753;20.75385483;17.812377787;22.0584556
38000;V;18.822674753;20.75385483;18.52274491;21.07675551
38000;V;18.822674753;20.75385483;18.840202942;21.3885682400001
23000;V;18.822674753;20.75385483;18.943289949;21.3619047599999
38000;H;18.822674753;20.75385483;19.312512765;21.35600789
23000;H;18.822674753;20.75385483;19.192877241;21.54679411
38000;V;18.822674753;20.75385483;18.576123836;21.33760514
38000;V;18.822674753;20.75385483;18.876723028;21.20048057
23000;H;19.605728336;22.08003258;19.891123426;21.9799801
38000;V;19.605728336;22.08003258;19.778364193;22.09964098
38000;H;19.605728336;22.08003258;19.766897882;22.22782972
23000;H;19.605728336;22.08003258;19.611398561;22.41886177
38000;H;19.605728336;22.08003258;19.24414776;21.94421728
38000;V;19.605728336;22.08003258;19.031653144;22.44124656
23000;V;19.605728336;22.08003258;19.840774756;21.97130917
23000;H;19.605728336;22.08003258;19.7887218150001;21.89333
38000;V;19.605728336;22.08003258;18.98678333;21.82370547
38000;V;19.605728336;22.08003258;19.482880361;21.96875657
38000;H;19.605728336;22.08003258;19.43685717;21.88652033
38000;H;19.605728336;22.08003258;19.277707847;22.25083245
38000;V;19.605728336;22.08003258;19.4128003680001;21.72329901
38000;H;17.886851435;22.1663866;18.040142759;22.23476287
38000;V;17.886851435;22.1663866;17.664552966;22.15056721
23000;H;20.557451794;22.40078646;21.149443708;22.24715972
38000;H;19.086583734;21.9131950900001;18.6711456620001;22.0262071999999
38000;V;19.086583734;21.9131950900001;19.338494158;21.95181941
23000;H;19.086583734;21.9131950900001;19.490687285;21.70603706
38000;H;17.105608447;22.80401535;15.797914133;21.54625427
38000;V;18.56592486;21.66428046;19.031653144;22.44124656
38000;H;18.56592486;21.66428046;18.710812543;21.62499448
23000;H;19.95405906;19.9396314599999;21.666964306;19.27266123
38000;H;19.95405906;19.9396314599999;19.6639338539999;19.25258388
23000;H;18.015601033;21.89509265;18.040142759;22.23476287
38000;V;18.015601033;21.89509265;17.54444149;22.25445484
38000;V;18.655434195;19.9981661799999;19.043594142;19.77759583
38000;H;18.655434195;19.9981661799999;18.714124342;20.0381137399999
38000;H;18.655434195;19.9981661799999;18.710743121;19.56143805
38000;V;19.300732785;21.1988943;19.356867231;21.30499951
23000;V;20.870031148;22.1364521399999;20.608431211;21.40897587
23000;V;20.120984675;22.27582849;20.608431211;21.40897587
38000;H;20.368603241;20.63579245;19.877925723;20.71755284
38000;H;20.368603241;20.63579245;20.424138127;20.51995513
38000;V;20.368603241;20.63579245;20.492306207;20.80591064
38000;H;20.368603241;20.63579245;20.030448861;20.75116576
38000;V;19.192877241;21.54679411;18.947850402;21.52188387
38000;H;19.192877241;21.54679411;19.107783131;21.6823101
38000;H;19.192877241;21.54679411;19.035004553;21.74690072
23000;V;18.027333706;21.44875563;18.040142759;22.23476287
38000;H;18.027333706;21.44875563;17.997362207;21.58075081
38000;V;17.54444149;22.25445484;17.491609705;22.18564523
23000;V;19.632692845;22.28339518;19.652643024;22.79022123
38000;V;19.632692845;22.28339518;19.031653144;22.44124656
38000;H;19.632692845;22.28339518;19.699937644;21.90865593
23000;H;19.632692845;22.28339518;19.796192703;22.19136912
23000;V;19.191093821;22.27460117;19.24414776;21.94421728
38000;H;19.928388585;21.5139421;20.185461332;21.50543255
38000;V;19.928388585;21.5139421;19.998242984;21.41047428
38000;V;19.928388585;21.5139421;21.383009904;22.18610934
38000;H;19.1784903609999;20.5757848500001;19.244248338;20.49064671
38000;H;19.905263334;21.79092565;20.608431211;21.40897587
23000;H;19.905263334;21.79092565;19.891123426;21.9799801
38000;V;19.490687285;21.70603706;19.435097361;21.80224978
38000;V;19.490687285;21.70603706;19.6394496009999;21.77227379
38000;V;19.490687285;21.70603706;19.5748656509999;21.75932551
38000;H;19.490687285;21.70603706;19.38991084;21.82967157
38000;H;17.5181013560001;20.0360248;18.913224974;18.70591334
38000;H;17.5181013560001;20.0360248;17.683147256;20.22565345
38000;H;17.5181013560001;20.0360248;17.664648026;20.38413639
38000;H;17.5181013560001;20.0360248;18.4190562089999;20.24215027
38000;V;17.5181013560001;20.0360248;17.909847571;19.05922896
23000;H;17.5181013560001;20.0360248;18.177589074;17.69383164
38000;V;19.856457669;20.87674013;20.608431211;21.40897587
38000;H;19.856457669;20.87674013;19.937647319;20.95788878
38000;V;19.438526353;20.41184741;19.248699715;20.76228304
38000;V;19.438526353;20.41184741;19.175408259;21.29877733
38000;V;18.3911634280001;22.59805535;19.031653144;22.44124656
38000;V;18.701490854;22.06880784;18.605453081;21.90177688
38000;H;18.701490854;22.06880784;18.522542943;22.3866020899999
38000;V;18.701490854;22.06880784;19.031653144;22.44124656
38000;V;19.24414776;21.94421728;19.388329511;21.94215694
38000;V;19.24414776;21.94421728;19.256074091;21.8967334800001
38000;H;19.24414776;21.94421728;19.107783131;21.6823101
38000;V;19.24414776;21.94421728;19.200418498;21.79118736
38000;V;19.24414776;21.94421728;19.035004553;21.74690072
38000;V;18.819969209;21.8086209400001;19.031653144;22.44124656
38000;V;18.819969209;21.8086209400001;18.89980201;21.82445105
38000;V;19.487983296;20.50733402;19.151818893;21.24838376
38000;H;19.487983296;20.50733402;19.654608082;20.72080745
38000;V;19.487983296;20.50733402;18.513964801;20.4576749
23000;V;19.487983296;20.50733402;19.175408259;21.29877733
38000;V;19.487983296;20.50733402;18.844831748;20.39279318
23000;V;19.487983296;20.50733402;19.379728453;20.6497689199999
23000;H;19.487983296;20.50733402;19.004703618;20.38046062
38000;H;19.487983296;20.50733402;19.538198955;20.74554477
38000;V;19.487983296;20.50733402;19.46197626;20.4918872699999
38000;V;19.487983296;20.50733402;18.5428710320001;21.25205644
23000;V;19.06561719;19.41967646;21.666964306;19.27266123
38000;V;21.8010169320001;22.35236522;22.983435299;21.90161479
23000;H;18.822904886;20.2174288;18.8519482860001;19.78525327
38000;V;18.822904886;20.2174288;18.706106031;20.1358932
23000;H;18.2557131460001;22.06783598;18.040142759;22.23476287
23000;H;19.768960377;20.70446363;20.608431211;21.40897587
38000;V;19.178420318;21.89525581;20.608431211;21.40897587
38000;V;19.4591001170001;20.84311688;20.608431211;21.40897587
38000;V;20.424138127;20.51995513;20.880094482;20.80069517
38000;H;22.646915341;22.66988964;21.266214762;22.38175475
38000;H;22.646915341;22.66988964;22.822306177;22.72320344
38000;V;22.646915341;22.66988964;24.035454674;24.66108337
38000;V;22.646915341;22.66988964;20.792683805;22.46733638
23000;V;22.646915341;22.66988964;20.96061248;21.95156783
38000;V;22.646915341;22.66988964;23.276036905;23.74032473
38000;V;22.646915341;22.66988964;23.057012639;23.32408077
38000;V;22.646915341;22.66988964;22.340982439;21.64471027
23000;V;22.646915341;22.66988964;21.653114374;22.39291711
23000;H;22.646915341;22.66988964;21.787067244;22.27257666
38000;V;22.646915341;22.66988964;21.4894487759999;23.09205943
38000;V;22.646915341;22.66988964;21.701907491;22.10214127
23000;H;22.646915341;22.66988964;24.670056381;24.50137018
23000;V;22.646915341;22.66988964;22.690628819;23.96268218
23000;V;22.646915341;22.66988964;20.52454233;24.12795847
38000;V;22.646915341;22.66988964;21.915318735;23.42438144
38000;V;22.646915341;22.66988964;23.386061886;24.13687835
23000;H;22.646915341;22.66988964;22.481806827;22.2889961099999
38000;V;22.646915341;22.66988964;21.905975129;23.2918841800001
23000;V;22.646915341;22.66988964;22.634751471;25.17931934
23000;H;22.646915341;22.66988964;20.139520948;23.34916634
38000;H;19.2271889149999;21.1135839;19.386482477;21.08262815
38000;H;19.88918247;20.7746334;20.608431211;21.40897587
38000;H;18.943289949;21.3619047599999;18.866018087;20.97398593
38000;H;18.943289949;21.3619047599999;18.729151321;21.29907122
38000;V;19.031653144;22.44124656;17.356383027;22.12757806
38000;V;19.031653144;22.44124656;20.061277602;22.05014685
38000;V;19.031653144;22.44124656;17.918017409;21.7912808299999
23000;V;19.031653144;22.44124656;18.710812543;21.62499448
38000;V;19.031653144;22.44124656;18.927893404;22.07225433
38000;V;19.031653144;22.44124656;18.9733621040001;21.5978963500001
38000;V;19.031653144;22.44124656;17.986643687;22.13485457
38000;V;19.031653144;22.44124656;20.3268821770001;21.08153765
38000;V;19.031653144;22.44124656;18.983869237;21.42929453
23000;V;19.031653144;22.44124656;17.488821783;22.13051683
38000;V;19.031653144;22.44124656;19.74238432;21.32277498
23000;V;19.572361884;21.17057956;20.608431211;21.40897587
38000;V;16.582708155;13.8824682;16.734682411;14.1655818400001
23000;H;16.582708155;13.8824682;17.980583385;13.6356483700001
38000;V;16.582708155;13.8824682;16.821913866;14.1744513699999
38000;V;16.582708155;13.8824682;16.590101988;13.8209471499999
38000;V;16.582708155;13.8824682;16.750825652;14.22728822
38000;V;20.075876013;12.7596047700001;17.980583385;13.6356483700001
38000;H;19.1159848710001;14.0670377;17.980583385;13.6356483700001
38000;H;18.587326884;17.02308215;18.619773896;16.52900932
38000;V;17.385128711;15.95770954;18.619773896;16.52900932
58000;V;18.645939484;15.7189622299999;18.619773896;16.52900932
23000;V;17.551841393;15.15540591;17.980583385;13.6356483700001
38000;V;17.9528196179999;14.03988842;17.980583385;13.6356483700001
38000;V;16.947023113;12.3696257499999;16.796690216;12.7957583099999
23000;V;16.947023113;12.3696257499999;17.822085622;12.1917553999999
23000;V;16.947023113;12.3696257499999;12.246842728;10.40408323
38000;V;16.947023113;12.3696257499999;16.761196291;11.4440610100001
38000;V;16.947023113;12.3696257499999;17.397494258;13.04979688
38000;V;16.947023113;12.3696257499999;18.3819419879999;12.3966548599999
23000;V;16.947023113;12.3696257499999;15.997828165;12.73126994
38000;V;16.947023113;12.3696257499999;15.717441287;13.6285375600001
38000;V;16.947023113;12.3696257499999;16.56675924;14.0437180000001
23000;H;16.947023113;12.3696257499999;17.980583385;13.6356483700001
23000;H;20.235110974;14.45472303;18.619773896;16.52900932
38000;V;21.133750591;14.3564429200001;20.504249452;14.4907702200001
38000;V;22.285131064;13.20532913;21.370588964;12.3669745400001
38000;V;21.370588964;12.3669745400001;22.0511025940001;12.5669359599999
23000;V;21.370588964;12.3669745400001;25.932280545;14.5815575600001
23000;V;21.370588964;12.3669745400001;23.073194426;13.9581892899999
38000;H;21.370588964;12.3669745400001;21.315315115;12.4696507600001
23000;H;17.93684693;13.2375064999999;17.980583385;13.6356483700001
38000;V;20.5514499830001;17.36753364;20.606357845;17.02134321
38000;V;20.967855189;20.85382526;21.15949148;20.94010314
38000;V;18.7084386080001;13.92347312;19.632844789;12.8936886
23000;V;25.350695253;16.55525637;25.101918543;18.76462647
38000;V;25.350695253;16.55525637;25.863984161;17.19122633
38000;V;19.007176715;15.1173192400001;18.619773896;16.52900932
58000;V;19.751122757;13.7976866200001;17.980583385;13.6356483700001
38000;V;19.751122757;13.7976866200001;19.566856077;14.6506133000001
23000;H;18.633173706;14.7277877799999;17.980583385;13.6356483700001
38000;H;18.545701495;13.21487797;17.980583385;13.6356483700001
38000;V;17.214898496;13.92008103;17.980583385;13.6356483700001
38000;V;20.3922364619999;13.58622404;19.632844789;12.8936886
38000;V;21.7675107259999;13.51938377;21.1619778859999;13.1033924199999
38000;V;21.1619778859999;13.1033924199999;19.632844789;12.8936886
38000;H;21.1619778859999;13.1033924199999;21.906814834;12.9340476500001
23000;V;21.1619778859999;13.1033924199999;21.313944849;12.91450083
38000;V;20.838609774;18.50189082;21.666964306;19.27266123
38000;V;23.132112633;19.08888394;23.8119200480001;20.08012803
23000;V;19.254660969;17.20261571;18.619773896;16.52900932
38000;V;21.557759559;17.54573442;22.211312666;16.0717096299999
38000;H;19.971368198;19.05753388;20.041481852;19.71400492
23000;V;26.827040712;12.00296704;25.932280545;14.5815575600001
38000;V;20.819192386;19.94899576;21.666964306;19.27266123
38000;H;19.632844789;12.8936886;20.215456891;13.74768154
38000;V;19.632844789;12.8936886;18.541298433;13.8185972200001
38000;H;19.632844789;12.8936886;19.795360619;14.1857779399999
38000;H;19.632844789;12.8936886;18.934049426;12.90391233
38000;V;19.632844789;12.8936886;20.775949062;12.58876407
38000;H;19.632844789;12.8936886;21.005395744;13.86699917
23000;V;19.632844789;12.8936886;22.28975053;11.1965983500001
23000;V;18.358818979;10.25433559;19.632844789;12.8936886
38000;V;19.632844789;12.8936886;19.020948985;14.9251996899999
38000;H;19.632844789;12.8936886;20.0501059429999;13.2308933699999
38000;H;19.632844789;12.8936886;18.979158164;13.71474548
23000;H;19.632844789;12.8936886;23.073194426;13.9581892899999
38000;V;19.632844789;12.8936886;20.861232642;12.14051651
23000;H;19.632844789;12.8936886;20.501428834;10.8645595199999
38000;H;20.922094419;21.0774592;21.635808803;21.60696451
38000;V;21.417438597;20.78278964;21.15949148;20.94010314
23000;H;21.635808803;21.60696451;20.608431211;21.40897587
38000;V;20.740313142;21.50874451;20.608431211;21.40897587
38000;V;14.418027326;16.12598223;12.109237886;15.43659776
38000;V;14.418027326;16.12598223;14.811699315;16.7717075
38000;V;14.418027326;16.12598223;15.899288934;16.0868651000001
38000;V;14.418027326;16.12598223;14.3501165839999;16.14192768
38000;V;14.418027326;16.12598223;15.208323847;15.94965115
38000;V;18.619773896;16.52900932;17.743405802;16.3858112999999
23000;V;18.619773896;16.52900932;18.83630213;15.2655497600001
23000;H;18.619773896;16.52900932;17.851990502;19.1638774999999
38000;H;18.619773896;16.52900932;18.081337359;16.75404792
38000;V;18.619773896;16.52900932;18.8523737699999;15.68340016
38000;V;18.619773896;16.52900932;19.048625088;17.38374945
38000;V;18.619773896;16.52900932;18.7030368220001;17.8129913699999
38000;V;18.619773896;16.52900932;20.481852969;15.3189577500001
38000;H;18.619773896;16.52900932;19.0602689960001;16.41385595
23000;V;18.619773896;16.52900932;18.996952084;16.72755001
38000;V;18.619773896;16.52900932;18.535114013;16.43337922
38000;V;18.619773896;16.52900932;16.0908662629999;16.391937
23000;V;18.619773896;16.52900932;20.406778503;14.83468579
58000;V;18.619773896;16.52900932;18.682020645;15.3678460200001
38000;V;18.619773896;16.52900932;19.108405101;17.75130882
38000;V;18.619773896;16.52900932;18.339824046;15.0562885199999
38000;V;18.619773896;16.52900932;17.35992724;18.76202753
38000;V;18.619773896;16.52900932;17.029013271;17.27951007
38000;V;18.619773896;16.52900932;19.550300531;17.7245545
38000;V;18.619773896;16.52900932;19.827146679;15.62585773
38000;H;18.619773896;16.52900932;19.447632933;16.5536468
38000;V;18.619773896;16.52900932;20.456367037;17.11364818
23000;H;18.619773896;16.52900932;16.16274945;15.97252819
38000;V;18.619773896;16.52900932;17.847668985;18.32369323
23000;V;18.619773896;16.52900932;20.082449536;16.94980662
23000;V;18.619773896;16.52900932;16.964102342;17.12192431
23000;V;18.619773896;16.52900932;16.134614515;16.44546555
38000;V;24.027951706;13.5939405;24.253273266;15.05362142
23000;H;24.027951706;13.5939405;25.932280545;14.5815575600001
23000;V;20.541770382;14.87416934;20.504249452;14.4907702200001
38000;V;20.541770382;14.87416934;21.042446683;16.39398956
38000;V;23.463947595;16.41333178;23.795067211;17.2863812300001
23000;V;23.463947595;16.41333178;25.101918543;18.76462647
23000;H;23.463947595;16.41333178;23.985374784;15.4893035500001
38000;H;20.606357845;17.02134321;20.686992084;16.70156191
38000;V;20.606357845;17.02134321;20.738642776;17.43228189
38000;V;20.606357845;17.02134321;20.161094398;17.43483657
23000;H;20.606357845;17.02134321;19.906067573;16.7183166
23000;H;20.606357845;17.02134321;19.938171799;17.8147141099999
23000;H;20.606357845;17.02134321;22.211312666;16.0717096299999
38000;V;20.606357845;17.02134321;19.842551381;17.6594526899999
38000;V;20.606357845;17.02134321;19.534667778;17.23086668
38000;H;20.606357845;17.02134321;21.06292062;17.30485523
38000;V;20.606357845;17.02134321;20.794598441;17.30298915
38000;H;20.606357845;17.02134321;20.998830572;16.85212902
38000;V;20.332853689;18.83200636;21.666964306;19.27266123
38000;H;19.6639338539999;19.25258388;19.702373629;19.7294188099999
38000;H;19.6639338539999;19.25258388;20.715792581;19.4573813
23000;V;19.928533314;17.46677289;21.666964306;19.27266123
23000;H;19.928533314;17.46677289;20.123971101;17.80790773
38000;V;25.017066165;15.6029756199999;24.379443184;15.50723061
23000;V;25.017066165;15.6029756199999;25.932280545;14.5815575600001
23000;V;26.024299046;14.69686528;25.932280545;14.5815575600001
38000;V;20.481852969;15.3189577500001;20.700957088;15.3244531
38000;V;20.481852969;15.3189577500001;20.916977606;15.17415209
23000;H;22.981342422;17.87656679;22.701481381;17.13405178
23000;H;27.790011495;15.5277595299999;25.932280545;14.5815575600001
38000;V;26.139138388;15.10526969;25.932280545;14.5815575600001
38000;V;19.352437272;19.45445015;21.666964306;19.27266123
38000;V;20.082449536;16.94980662;20.370287015;16.82297823
38000;V;23.179580663;15.16284201;22.211312666;16.0717096299999
23000;H;23.388766709;14.6945999;25.932280545;14.5815575600001
23000;V;21.2864535300001;16.64305888;22.211312666;16.0717096299999
23000;H;22.8417959959999;14.9252664600001;25.932280545;14.5815575600001
38000;V;22.8417959959999;14.9252664600001;24.411423791;14.7701250100001
38000;H;24.70631132;20.0730154499999;25.101918543;18.76462647
38000;H;23.985374784;15.4893035500001;23.583183493;15.7001373099999
23000;V;23.985374784;15.4893035500001;25.101918543;18.76462647
38000;H;20.708153055;18.65575333;21.666964306;19.27266123
38000;H;20.455641622;16.82155493;22.211312666;16.0717096299999
23000;H;23.4335636540001;15.6869036999999;22.211312666;16.0717096299999
23000;H;23.547759102;14.0056059600001;25.932280545;14.5815575600001
38000;V;19.529621915;19.09329155;19.718097035;18.6460805
38000;V;20.84524652;17.37212956;22.211312666;16.0717096299999
23000;V;27.451786546;16.62192223;25.101918543;18.76462647
23000;V;25.932280545;14.5815575600001;25.48048428;17.24971767
23000;V;25.932280545;14.5815575600001;29.426137516;15.814605
38000;V;25.932280545;14.5815575600001;23.41260661;14.7661777300001
38000;V;25.932280545;14.5815575600001;25.796719052;14.9429881200001
23000;V;25.932280545;14.5815575600001;24.633714666;14.02889313
38000;V;25.932280545;14.5815575600001;24.912288411;15.1629674
38000;V;25.932280545;14.5815575600001;26.488303206;14.55265671
23000;V;25.932280545;14.5815575600001;26.725233688;17.66949644
23000;H;25.932280545;14.5815575600001;24.600067383;12.5150135999999
23000;V;25.932280545;14.5815575600001;23.5374333809999;14.48595679
23000;H;25.932280545;14.5815575600001;29.035050737;11.2606404599999
23000;V;25.932280545;14.5815575600001;24.959744924;10.80411974
23000;H;25.932280545;14.5815575600001;28.428147674;15.0810291299999
38000;H;25.932280545;14.5815575600001;25.939642142;14.28154679
23000;V;25.932280545;14.5815575600001;28.720940972;11.2025038300001
23000;V;25.932280545;14.5815575600001;24.253273266;15.05362142
23000;H;25.932280545;14.5815575600001;23.179625857;14.39889176
23000;H;25.932280545;14.5815575600001;28.715874326;11.5520563399999
23000;V;25.932280545;14.5815575600001;22.7257463;10.0462842399999
23000;H;25.932280545;14.5815575600001;28.4760260590001;11.3613459000001
23000;H;25.932280545;14.5815575600001;27.507333081;11.3898883199999
23000;V;25.932280545;14.5815575600001;26.43644236;18.43216345
23000;H;25.932280545;14.5815575600001;25.335019956;15.0183536100001
23000;V;25.932280545;14.5815575600001;29.053867002;10.88927618
38000;V;20.4241918039999;16.56018457;22.211312666;16.0717096299999
38000;H;23.162344795;20.87211601;23.195505736;20.96050241
38000;H;23.162344795;20.87211601;22.666516589;21.06097058
23000;V;23.162344795;20.87211601;21.666964306;19.27266123
38000;V;27.159587195;21.3568912900001;27.009279632;22.0489562
23000;H;27.159587195;21.3568912900001;26.682050073;22.67252391
38000;H;20.9272023980001;20.30900521;21.15949148;20.94010314
38000;V;26.939123623;18.49064847;28.325063939;17.1823607
23000;V;26.939123623;18.49064847;29.630446846;20.17476579
38000;V;26.939123623;18.49064847;27.411441999;18.07502562
38000;V;26.939123623;18.49064847;28.129934215;18.98351358
23000;V;26.939123623;18.49064847;23.898273509;17.61714769
23000;H;26.939123623;18.49064847;25.101918543;18.76462647
38000;H;26.939123623;18.49064847;27.160022494;16.9640167
38000;V;26.939123623;18.49064847;27.468325674;17.26350918
38000;V;26.939123623;18.49064847;28.557926926;18.93162765
38000;V;26.939123623;18.49064847;27.510821108;17.41518456
38000;H;26.939123623;18.49064847;27.350415602;18.10888928
38000;V;24.352402199;21.5818818;24.790677623;21.88123204
38000;V;24.352402199;21.5818818;24.100595713;21.78560669
38000;V;24.352402199;21.5818818;24.4986992950001;21.88774381
23000;V;24.352402199;21.5818818;21.920483242;20.39169696
38000;H;24.352402199;21.5818818;24.443286267;21.39983863
23000;V;24.352402199;21.5818818;26.682050073;22.67252391
23000;V;25.101918543;18.76462647;26.416280779;20.52394615
38000;H;25.101918543;18.76462647;24.528333487;18.70164841
23000;V;25.101918543;18.76462647;27.151724207;19.70670678
23000;V;25.101918543;18.76462647;21.064366379;17.7692909
38000;V;25.101918543;18.76462647;25.713197544;17.83193691
23000;V;25.101918543;18.76462647;21.983209451;19.6983181499999
38000;V;25.101918543;18.76462647;24.7703264200001;17.57729414
38000;V;25.101918543;18.76462647;24.825814345;19.29308214
23000;H;25.101918543;18.76462647;26.530728678;17.1119797500001
23000;H;25.101918543;18.76462647;22.209843997;19.57995805
23000;H;25.101918543;18.76462647;22.833365277;19.61183682
23000;H;25.101918543;18.76462647;25.671007752;21.5219475
38000;V;25.101918543;18.76462647;26.99939459;16.63166927
23000;V;25.101918543;18.76462647;22.130276911;18.14896079
38000;H;25.101918543;18.76462647;23.659224846;21.6591669599999
23000;V;25.101918543;18.76462647;24.737091246;20.60419323
38000;V;25.101918543;18.76462647;25.182584513;18.12284338
38000;V;25.101918543;18.76462647;26.079700512;19.8058891800001
38000;V;25.101918543;18.76462647;22.593092919;19.48694062
38000;V;25.101918543;18.76462647;24.617743958;18.64204856
38000;V;25.101918543;18.76462647;24.218120531;18.11289825
38000;V;25.101918543;18.76462647;24.087229433;18.94897133
38000;V;25.101918543;18.76462647;23.383540534;16.84464749
38000;V;25.101918543;18.76462647;24.813507309;19.62933277
38000;V;25.101918543;18.76462647;24.576761975;20.33516299
38000;V;25.101918543;18.76462647;25.999286312;19.9814767999999
38000;V;25.101918543;18.76462647;25.298653005;19.78764165
38000;V;25.101918543;18.76462647;26.843595415;18.25171867
23000;V;25.101918543;18.76462647;24.070301069;20.4760599399999
23000;H;25.101918543;18.76462647;22.018922166;19.82127578
23000;V;25.101918543;18.76462647;21.290479575;17.3990120399999
23000;H;25.101918543;18.76462647;23.8119200480001;20.08012803
23000;H;25.101918543;18.76462647;25.906039557;16.94728501
23000;H;25.101918543;18.76462647;23.539386225;19.60880808
38000;V;21.635804805;21.11675767;21.15949148;20.94010314
38000;V;22.983435299;21.90161479;22.038566536;21.68958003
38000;V;22.983435299;21.90161479;22.340982439;21.64471027
38000;H;22.983435299;21.90161479;22.270071307;21.79194365
38000;V;22.983435299;21.90161479;23.239169493;22.4026431700001
23000;V;22.983435299;21.90161479;22.1110018110001;21.53153182
38000;V;23.057012639;23.32408077;23.32323518;23.40675765
38000;H;22.038566536;21.68958003;22.369914363;21.75924271
23000;V;21.083342864;21.60323462;20.608431211;21.40897587
38000;V;23.386061886;24.13687835;22.481806827;22.2889961099999
38000;H;22.901748331;19.63490843;23.151605371;19.60259432
23000;V;23.707254872;21.90330343;28.392829288;22.38771527
38000;H;23.8119200480001;20.08012803;24.070301069;20.4760599399999
38000;V;20.715792581;19.4573813;21.086552255;19.93600916
38000;V;20.715792581;19.4573813;19.702373629;19.7294188099999
38000;V;20.715792581;19.4573813;20.942367292;19.79207635
38000;V;21.100142761;18.9449954200001;21.666964306;19.27266123
38000;V;21.06292062;17.30485523;21.070143509;17.35313462
23000;H;21.9913733719999;16.90009423;22.211312666;16.0717096299999
38000;V;22.889788851;15.8123722999999;22.4485877799999;16.2793393300001
23000;H;22.889788851;15.8123722999999;22.211312666;16.0717096299999
38000;H;23.248047108;14.8260803499999;24.253273266;15.05362142
38000;H;25.906039557;16.94728501;26.067259004;16.83677829
38000;V;20.737805416;19.96141353;21.666964306;19.27266123
38000;H;20.737805416;19.96141353;20.460983147;20.10575576
38000;H;20.737805416;19.96141353;20.50632683;19.94485534
23000;V;21.584997892;19.91193077;21.666964306;19.27266123
23000;H;22.364544748;19.9797392;21.666964306;19.27266123
38000;V;21.487304118;20.5093941;21.15949148;20.94010314
38000;V;21.487304118;20.5093941;21.207848748;20.42080533
38000;V;22.8785506139999;20.35403277;21.666964306;19.27266123
38000;V;20.608431211;21.40897587;20.186712319;21.62844077
38000;V;20.608431211;21.40897587;19.813139377;21.28716438
38000;H;20.608431211;21.40897587;19.540236883;21.47250489
38000;H;20.608431211;21.40897587;19.806859649;21.3363645199999
23000;V;20.608431211;21.40897587;20.416616646;22.19778527
38000;V;20.608431211;21.40897587;21.178484678;21.27303695
38000;H;20.608431211;21.40897587;20.152815327;21.78185041
38000;V;20.608431211;21.40897587;20.508918964;21.99924528
38000;V;20.608431211;21.40897587;22.322244281;21.56651297
38000;V;20.608431211;21.40897587;20.486362097;21.6056749400001
38000;V;20.608431211;21.40897587;21.188501305;22.3811929199999
38000;V;20.608431211;21.40897587;20.40492178;22.42516978
38000;H;20.608431211;21.40897587;19.7329810349999;21.5944432
38000;V;20.608431211;21.40897587;21.843365169;21.59160325
38000;H;20.608431211;21.40897587;20.909348862;21.17026644
38000;V;20.608431211;21.40897587;20.487896164;22.3077429599999
23000;H;20.608431211;21.40897587;19.444948355;21.07583439
23000;H;20.608431211;21.40897587;21.094877857;21.3568563099999
38000;H;20.608431211;21.40897587;19.03903269;21.03687165
38000;H;20.608431211;21.40897587;20.3854270359999;21.2740130799999
38000;V;20.608431211;21.40897587;22.161699511;21.7462978300001
38000;V;20.608431211;21.40897587;21.711163776;21.38832481
38000;V;20.608431211;21.40897587;19.778364193;22.09964098
38000;V;20.608431211;21.40897587;19.60858661;20.98160575
38000;H;20.608431211;21.40897587;20.141020117;23.0623687699999
38000;V;20.608431211;21.40897587;19.9743034260001;21.77208019
38000;V;20.608431211;21.40897587;20.111759988;20.89747636
23000;V;20.608431211;21.40897587;20.191378566;23.0916219199999
38000;H;20.608431211;21.40897587;19.818515914;21.34817175
23000;H;20.608431211;21.40897587;16.723007695;22.07464718
38000;V;20.608431211;21.40897587;19.649579667;21.3804413900001
38000;V;26.079700512;19.8058891800001;26.852894677;19.56029309
38000;V;22.864150673;20.4320891;21.666964306;19.27266123
38000;H;21.207848748;20.42080533;21.15949148;20.94010314
38000;V;29.426137516;15.814605;29.858775674;16.65636989
38000;V;29.426137516;15.814605;28.2827034539999;15.96968511
38000;H;29.426137516;15.814605;29.157219928;15.86726688
38000;V;21.379297628;20.10229081;21.666964306;19.27266123
38000;H;20.768377259;20.65200077;21.15949148;20.94010314
38000;V;20.411546201;20.42095855;20.288381661;20.25482106
38000;V;20.992446092;19.23543343;21.666964306;19.27266123
38000;V;28.392829288;22.38771527;29.287084292;22.59365096
38000;H;28.392829288;22.38771527;27.8253280710001;21.55162398
38000;V;28.392829288;22.38771527;26.539718082;24.19168193
23000;V;28.392829288;22.38771527;29.203899777;23.0931899
23000;V;28.392829288;22.38771527;28.558492712;20.51539642
23000;H;28.392829288;22.38771527;27.481519121;19.16610714
38000;V;28.392829288;22.38771527;29.213583063;22.95625067
38000;H;28.392829288;22.38771527;29.274188689;22.6153550100001
23000;V;28.392829288;22.38771527;24.7542713819999;21.51764001
23000;V;28.392829288;22.38771527;25.472597451;23.72387762
38000;V;21.666964306;19.27266123;22.291506492;18.65199916
38000;V;21.666964306;19.27266123;21.615342391;20.21523977
38000;V;21.666964306;19.27266123;21.302359874;19.49883613
38000;V;21.666964306;19.27266123;22.218515715;19.3355436100001
38000;V;21.666964306;19.27266123;22.331863422;19.25453649
38000;V;21.666964306;19.27266123;21.460149697;19.1828272000001
38000;V;21.666964306;19.27266123;20.9947044470001;19.6966446999999
38000;V;21.666964306;19.27266123;21.2545160769999;19.4851282799999
38000;V;21.666964306;19.27266123;22.566035601;20.3637608
38000;H;21.666964306;19.27266123;22.0454749809999;19.30311729
38000;V;21.666964306;19.27266123;20.8913380549999;18.8510875800001
23000;H;21.666964306;19.27266123;20.675832907;18.82982962
38000;H;21.666964306;19.27266123;21.543931797;19.7148683
38000;V;21.15949148;20.94010314;21.84661693;20.52187655
38000;V;21.15949148;20.94010314;21.396961045;21.33131491
38000;V;21.15949148;20.94010314;21.709182491;20.6713745
38000;H;21.15949148;20.94010314;20.880094482;20.80069517
23000;V;21.15949148;20.94010314;22.006353147;20.2626806
38000;V;21.15949148;20.94010314;20.70743799;20.28116581
23000;V;20.1092509709999;23.5360726299999;21.759154902;25.6657951399999
23000;H;19.9949758;23.17319374;21.00597977;25.84871591
38000;H;21.4236916500001;23.6667625599999;21.329945128;23.6325394
38000;V;21.4236916500001;23.6667625599999;21.747568968;23.6987296
38000;V;21.4236916500001;23.6667625599999;20.461682379;23.84563982
38000;V;21.4236916500001;23.6667625599999;19.683601383;23.09407578
38000;V;21.4236916500001;23.6667625599999;22.519716163;24.5798323
38000;V;21.4236916500001;23.6667625599999;20.203988529;23.24612611
38000;V;21.4236916500001;23.6667625599999;20.465917;23.4954743999999
38000;H;21.4236916500001;23.6667625599999;21.387298527;23.72601732
23000;V;20.159373858;22.9098457600001;21.00597977;25.84871591
38000;V;24.080849725;23.55008858;23.757443462;23.25879238
23000;V;25.086443772;22.8002999;26.682050073;22.67252391
23000;V;27.882216646;22.90360569;26.682050073;22.67252391
23000;V;20.937252876;23.31129719;21.00597977;25.84871591
38000;V;21.306568864;23.37598248;21.00597977;25.84871591
23000;V;21.79386106;23.36650826;21.00597977;25.84871591
38000;V;19.555875445;23.35988189;19.593698571;23.52838262
23000;H;19.329330309;23.6333661700001;16.041027217;23.6605888199999
38000;H;20.378503381;23.18191454;21.173531085;23.04092347
23000;V;20.378503381;23.18191454;21.00597977;25.84871591
23000;V;19.843680671;23.23266599;21.00597977;25.84871591
23000;V;24.65245724;22.48475978;26.682050073;22.67252391
23000;V;26.682050073;22.67252391;24.387100815;24.2618951
38000;V;26.682050073;22.67252391;25.6645048230001;23.6122572399999
23000;V;26.682050073;22.67252391;25.179465686;23.70058919
38000;V;26.682050073;22.67252391;25.852523438;24.36145478
38000;H;26.682050073;22.67252391;25.521048555;22.7091849399999
38000;V;26.682050073;22.67252391;27.698439453;22.73778332
23000;H;25.005482861;23.44558161;26.682050073;22.67252391
23000;V;26.682050073;22.67252391;24.2954178929999;23.09075819
23000;H;26.682050073;22.67252391;25.02063893;22.28886826
38000;V;26.682050073;22.67252391;25.9974367730001;23.40689143
23000;V;26.682050073;22.67252391;24.234569126;22.78787897
38000;V;26.682050073;22.67252391;24.748632309;22.55893266
23000;V;24.930475953;24.78447142;26.682050073;22.67252391
23000;V;26.682050073;22.67252391;26.107867296;22.76510661
23000;V;26.682050073;22.67252391;27.2589482709999;20.75439414
23000;V;26.682050073;22.67252391;25.222269682;23.46182178
23000;H;25.486782577;24.87969958;26.682050073;22.67252391
38000;V;26.682050073;22.67252391;27.39698674;23.51837335
38000;H;26.682050073;22.67252391;26.569627385;22.85714589
38000;V;26.682050073;22.67252391;25.35405009;22.74787309
38000;V;26.682050073;22.67252391;26.632633153;23.33434883
23000;V;26.682050073;22.67252391;25.373817062;23.7934844899999
38000;V;26.682050073;22.67252391;26.19572566;23.53170651
38000;V;26.682050073;22.67252391;25.585714628;24.3280104499999
38000;V;26.682050073;22.67252391;25.120429304;22.5306204
23000;H;26.682050073;22.67252391;25.020672711;23.82703926
23000;H;26.682050073;22.67252391;28.5919336390001;22.79934689
38000;H;18.167278565;23.15720598;18.932725245;23.2731857499999
38000;H;18.167278565;23.15720598;18.299921491;23.35692042
23000;V;18.167278565;23.15720598;16.041027217;23.6605888199999
23000;H;19.43434646;23.11370637;16.041027217;23.6605888199999
23000;V;19.43434646;23.11370637;17.91335935;22.58718408
38000;V;17.580216298;24.2735672;17.564093623;23.54600934
23000;V;17.580216298;24.2735672;16.041027217;23.6605888199999
38000;V;17.564093623;23.54600934;16.041027217;23.6605888199999
23000;V;17.9993654;23.83090937;16.041027217;23.6605888199999
38000;H;17.9993654;23.83090937;17.970638352;24.26119619
38000;V;17.9993654;23.83090937;17.2362557259999;24.5281187
38000;H;17.092748981;23.56115194;16.041027217;23.6605888199999
38000;V;19.0887025369999;23.49402774;16.389468127;24.08430961
38000;V;19.0887025369999;23.49402774;16.041027217;23.6605888199999
38000;V;18.48121932;23.94038868;19.654527101;26.38100222
23000;H;16.6961106219999;23.72507593;16.041027217;23.6605888199999
38000;V;18.714078021;23.53687984;19.654527101;26.38100222
38000;V;18.1153605759999;23.51989078;16.041027217;23.6605888199999
38000;V;18.1153605759999;23.51989078;18.452053542;23.40113783
38000;H;17.52482802;23.49840782;17.6020755790001;23.69046845
23000;V;17.821687162;23.3046468700001;16.041027217;23.6605888199999
38000;V;18.967371531;25.56372477;17.821687162;23.3046468700001
38000;V;15.959671602;24.30402775;16.214001221;24.60570252
23000;H;15.959671602;24.30402775;16.041027217;23.6605888199999
38000;H;15.085859507;22.9328337;14.099204438;22.82120946
23000;H;15.388784928;23.42549449;16.041027217;23.6605888199999
23000;V;20.3960952869999;25.23615581;16.389468127;24.08430961
38000;V;16.389468127;24.08430961;17.4574939839999;24.387181
38000;V;16.389468127;24.08430961;16.924460485;22.28386149
38000;H;16.389468127;24.08430961;16.041027217;23.6605888199999
38000;V;17.605033381;24.74419101;16.389468127;24.08430961
38000;H;16.389468127;24.08430961;16.214001221;24.60570252
23000;V;16.389468127;24.08430961;16.530845979;24.8519649
23000;H;16.389468127;24.08430961;17.19756113;25.5146266899999
23000;H;16.389468127;24.08430961;17.4195883619999;22.4519375699999
38000;V;14.862614799;23.52327127;16.041027217;23.6605888199999
38000;V;14.9920094259999;24.10138419;13.58498852;23.43395972
23000;H;14.909403772;23.73948484;13.58498852;23.43395972
38000;V;14.122964483;23.41832117;13.376786871;23.60226218
38000;H;15.612987321;23.05483481;16.041027217;23.6605888199999
38000;V;16.4203589549999;20.9874450600001;15.797914133;21.54625427
38000;H;13.8323388800001;24.07461435;13.376786871;23.60226218
38000;V;16.183977233;22.16157389;17.0216230359999;22.2929053400001
23000;H;16.183977233;22.16157389;15.258486521;22.12111469
38000;V;16.183977233;22.16157389;16.029028177;22.28621893
38000;H;16.183977233;22.16157389;15.608708577;22.41886707
38000;V;16.183977233;22.16157389;16.088738684;21.8818777900001
38000;V;16.183977233;22.16157389;17.048981154;22.3050350499999
23000;V;16.183977233;22.16157389;15.978978578;22.05766521
38000;V;16.42118418;23.20166948;16.041027217;23.6605888199999
23000;H;15.450441952;21.9448565;14.099204438;22.82120946
38000;H;21.4894487759999;23.09205943;21.599395413;23.13466664
38000;V;14.407740905;22.6699209500001;14.099204438;22.82120946
38000;V;14.655489739;23.70384632;13.817053997;23.1004819
23000;V;13.230474711;21.08054492;15.797914133;21.54625427
38000;V;13.837648731;21.55809161;14.099204438;22.82120946
38000;H;13.344684591;21.6782154700001;13.667853857;20.92539275
38000;V;17.158076949;23.97628554;16.041027217;23.6605888199999
38000;V;13.535458707;22.88876108;13.376786871;23.60226218
38000;V;14.099204438;22.82120946;15.630184121;24.22203432
38000;V;14.099204438;22.82120946;14.663047382;21.83549282
23000;V;10.031580447;23.93238472;14.099204438;22.82120946
23000;V;16.405553149;27.09083812;14.099204438;22.82120946
38000;V;14.099204438;22.82120946;13.662407468;22.71021477
38000;V;14.099204438;22.82120946;15.74392687;22.07175567
23000;H;14.099204438;22.82120946;14.5487726359999;25.59344456
38000;V;14.099204438;22.82120946;13.769868879;22.26364524
38000;H;14.099204438;22.82120946;14.085181268;21.8076151000001
38000;V;14.099204438;22.82120946;14.5931736;22.99168801
23000;H;14.099204438;22.82120946;16.262618104;21.4583361599999
23000;V;17.237602864;25.38777783;14.099204438;22.82120946
38000;H;16.786819198;21.44083924;16.423879984;21.42857684
23000;V;16.041027217;23.6605888199999;19.391489197;23.27459614
38000;V;16.041027217;23.6605888199999;16.067593545;22.82948989
38000;V;16.041027217;23.6605888199999;17.6020755790001;23.69046845
38000;V;16.041027217;23.6605888199999;17.785030283;23.91161187
38000;V;16.041027217;23.6605888199999;17.498024761;24.01077041
38000;V;13.58498852;23.43395972;13.376786871;23.60226218
38000;V;13.667853857;20.92539275;12.527660411;20.63941024
38000;V;13.667853857;20.92539275;14.193342527;21.16852735
23000;V;13.667853857;20.92539275;15.797914133;21.54625427
38000;V;11.0599490650001;19.08384384;12.12819042;18.91918565
38000;V;11.0599490650001;19.08384384;10.9140933909999;20.31780138
38000;V;11.0599490650001;19.08384384;11.624389069;21.43362851
38000;H;11.0599490650001;19.08384384;10.837870989;19.3642648
38000;H;17.210692482;21.45844123;16.7856748639999;21.68550713
23000;H;17.210692482;21.45844123;15.797914133;21.54625427
38000;H;17.210692482;21.45844123;16.855424881;21.4391661499999
38000;V;13.769868879;22.26364524;12.86758318;21.54666108
38000;V;13.769868879;22.26364524;15.3593318930001;22.29304879
38000;V;13.769868879;22.26364524;14.831159026;22.38298098
38000;V;15.12925917;20.48474335;14.037444473;20.5735080499999
38000;V;15.12925917;20.48474335;15.559828099;20.54995424
38000;V;15.12925917;20.48474335;15.797914133;21.54625427
38000;V;16.466770683;22.46557358;15.797914133;21.54625427
23000;V;14.5485345609999;20.79091562;14.462481898;19.79230311
38000;V;16.843461824;20.15558806;15.797914133;21.54625427
23000;V;16.1057908599999;19.85074819;13.680993895;18.52820849
38000;H;17.135992217;19.2201639;16.976549202;19.5197204699999
23000;H;12.0321696659999;18.15243935;13.680993895;18.52820849
38000;V;12.695874403;17.35948448;13.680993895;18.52820849
38000;V;12.695874403;17.35948448;12.3647600520001;15.3156857100001
23000;H;12.695874403;17.35948448;13.690385621;18.45829057
23000;H;13.436778208;14.9815160099999;17.980583385;13.6356483700001
23000;V;15.236183787;16.66000246;13.680993895;18.52820849
23000;H;15.236183787;16.66000246;15.584266171;16.8676444
38000;V;11.549930541;20.56437914;10.4564316069999;20.66502879
38000;V;16.961385208;20.78177198;17.438353916;20.29183591
23000;H;16.961385208;20.78177198;17.034833907;20.46600329
38000;V;16.961385208;20.78177198;16.782432697;20.55697013
23000;V;16.961385208;20.78177198;17.100086091;20.71055189
23000;H;15.525073062;13.7477216099999;17.980583385;13.6356483700001
38000;V;12.491989799;23.03358589;13.376786871;23.60226218
38000;V;17.993805608;21.0248737699999;17.73253581;20.5475522
38000;V;17.682994823;20.87248494;17.73253581;20.5475522
38000;V;17.878238156;21.22604875;17.73253581;20.5475522
38000;V;14.193342527;21.16852735;14.436518933;20.16018571
23000;H;10.97013703;18.0046290599999;10.1212798369999;17.14485812
38000;V;16.423879984;21.42857684;15.797914133;21.54625427
23000;V;16.423879984;21.42857684;12.350449773;20.71360757
23000;H;12.003729191;21.54154362;13.680993895;18.52820849
38000;H;12.1354451369999;23.43402286;13.376786871;23.60226218
23000;V;11.686342614;23.3011931499999;13.376786871;23.60226218
38000;V;11.686342614;23.3011931499999;10.967802668;23.53684326
23000;V;14.462481898;19.79230311;15.797914133;21.54625427
38000;V;13.817053997;23.1004819;13.376786871;23.60226218
38000;V;12.82990032;19.41441169;13.680993895;18.52820849
23000;V;11.764397575;14.9791770800001;13.680993895;18.52820849
38000;V;11.764397575;14.9791770800001;10.1921999069999;14.07102743
23000;V;12.442201044;12.9201816700001;11.764397575;14.9791770800001
38000;H;13.376786871;23.60226218;13.95930917;23.63594319
38000;H;13.376786871;23.60226218;12.998175115;23.3840684399999
23000;V;10.45407437;24.70792576;13.376786871;23.60226218
38000;V;11.455862122;22.74060016;13.376786871;23.60226218
23000;V;11.050472144;22.04838601;13.376786871;23.60226218
23000;V;10.263846385;21.87716082;13.376786871;23.60226218
23000;V;10.932769433;23.1380902;13.376786871;23.60226218
38000;V;15.797914133;21.54625427;16.919556113;22.39369478
38000;V;15.797914133;21.54625427;15.595070922;21.09524366
38000;V;15.797914133;21.54625427;15.4161816979999;20.2863129
38000;V;15.797914133;21.54625427;15.665970527;22.8039243599999
38000;V;15.797914133;21.54625427;15.853955342;20.78999231
23000;V;15.797914133;21.54625427;15.929215709;21.15883871
38000;H;15.797914133;21.54625427;16.748935531;22.3205684
23000;V;15.797914133;21.54625427;14.830631289;19.84115481
23000;H;15.797914133;21.54625427;15.954027916;20.3956699100001
38000;V;17.73253581;20.5475522;17.1805947059999;20.44589486
38000;V;17.73253581;20.5475522;18.1051078999999;20.39641424
23000;H;17.73253581;20.5475522;17.231780576;19.82008634
38000;V;17.73253581;20.5475522;18.072639209;20.5774019000001
38000;V;17.73253581;20.5475522;17.887428417;21.38882351
38000;H;17.73253581;20.5475522;17.639308589;20.63712263
38000;V;17.73253581;20.5475522;17.386995775;20.45797065
38000;H;17.73253581;20.5475522;18.041269695;21.3314452
23000;V;17.73253581;20.5475522;17.997896283;19.47247862
38000;V;15.588504419;19.1656026099999;15.4157304530001;19.38565789
38000;V;15.588504419;19.1656026099999;15.424097604;19.5086302200001
23000;V;15.588504419;19.1656026099999;13.680993895;18.52820849
38000;V;11.446025472;18.4297398100001;13.680993895;18.52820849
23000;H;16.535139537;19.58125784;13.680993895;18.52820849
38000;H;15.595070922;21.09524366;15.544507305;21.17084912
38000;V;16.629089284;20.66608531;17.999973163;20.13739517
38000;V;12.496962414;18.02803755;13.680993895;18.52820849
38000;H;13.040176422;19.01938432;13.680993895;18.52820849
38000;V;13.843874981;18.3079037500001;13.680993895;18.52820849
38000;V;17.999973163;20.13739517;17.514892424;20.33741877
38000;V;17.999973163;20.13739517;17.4420991399999;18.95029341
38000;V;12.948567509;18.44571721;13.680993895;18.52820849
38000;V;17.997896283;19.47247862;17.898638639;19.62337315
38000;V;17.997896283;19.47247862;18.019600646;20.13999263
38000;V;16.113903403;19.49814223;13.680993895;18.52820849
38000;V;15.208323847;15.94965115;14.018051865;15.2204104500001
38000;V;13.680993895;18.52820849;14.05428036;18.23634668
38000;V;13.680993895;18.52820849;14.887530289;18.79095898
23000;H;13.680993895;18.52820849;11.570992936;17.7823162
38000;V;13.680993895;18.52820849;11.797160605;19.4102566
23000;H;11.019629674;20.96095692;13.680993895;18.52820849
23000;V;10.4564316069999;20.66502879;13.680993895;18.52820849
38000;V;13.680993895;18.52820849;13.99500608;19.0916535200001
23000;V;10.613441808;18.61725113;13.680993895;18.52820849
38000;V;13.680993895;18.52820849;13.725389878;18.6312204699999
23000;H;10.1212798369999;17.14485812;13.680993895;18.52820849
23000;H;13.680993895;18.52820849;10.469731442;18.76232754
38000;V;13.680993895;18.52820849;12.365864523;17.3481910699999
38000;V;17.980583385;13.6356483700001;16.675975524;13.21781626
38000;V;17.980583385;13.6356483700001;17.180545444;13.4227211800001
38000;H;17.980583385;13.6356483700001;17.850400299;13.7483685999999
38000;V;17.535806797;12.16379694;17.980583385;13.6356483700001
23000;V;17.980583385;13.6356483700001;12.8101824019999;10.92797358
23000;V;13.1915571560001;11.27125563;17.980583385;13.6356483700001
38000;V;17.980583385;13.6356483700001;17.5559758219999;14.9957888100001
23000;V;17.980583385;13.6356483700001;14.486853123;11.6456572
38000;V;17.987967197;22.09787191;18.026089086;21.9872069399999
38000;V;17.987967197;22.09787191;17.918017409;21.7912808299999
38000;V;19.386482477;21.08262815;19.4759451;21.0575381
38000;V;18.040142759;22.23476287;18.157864388;22.24161723
38000;V;18.040142759;22.23476287;18.3929428589999;22.51485438
23000;H;18.040142759;22.23476287;17.793150676;22.29594299
38000;V;18.040142759;22.23476287;17.740790282;22.42697426
38000;V;18.040142759;22.23476287;17.969220099;21.74056223
38000;H;18.513964801;20.4576749;18.597551022;20.51228067
38000;V;21.383009904;22.18610934;21.604078654;22.38935182
38000;V;21.383009904;22.18610934;21.320528089;22.49248985
38000;V;21.383009904;22.18610934;20.846096994;22.38734256
38000;H;17.793150676;22.29594299;17.79541473;22.20612468
23000;H;18.769824854;26.65627578;17.4195883619999;22.4519375699999
38000;V;16.924460485;22.28386149;16.919556113;22.39369478
38000;V;17.595279611;22.6768886299999;15.608708577;22.41886707
38000;V;18.710812543;21.62499448;19.002189757;21.62948057
38000;V;17.93670904;22.29080986;18.3929428589999;22.51485438
38000;H;19.107783131;21.6823101;19.0388299679999;21.5807779400001
38000;H;18.823657483;21.65904446;18.903059294;21.66152432
38000;H;18.553499953;21.44145156;18.702111391;21.45248653
38000;V;19.985422802;20.5914497;19.8458815810001;20.742851
23000;V;18.693906623;21.06784598;18.663285913;20.9183150600001
38000;H;18.663285913;20.9183150600001;18.720919448;20.99146403
23000;H;18.52274491;21.07675551;18.633490365;21.11732943
23000;H;21.00597977;25.84871591;20.984379622;23.62384438
38000;V;24.451174566;19.82690816;24.576761975;20.33516299
23000;V;24.878850329;14.4890481499999;24.253273266;15.05362142
23000;V;23.746736496;16.03887378;22.211312666;16.0717096299999
38000;V;23.531284518;14.59094148;24.253273266;15.05362142
38000;V;19.871934107;16.6013856799999;22.211312666;16.0717096299999
23000;H;21.071430591;16.89830399;22.211312666;16.0717096299999
38000;V;21.492445571;16.93726013;22.211312666;16.0717096299999
23000;V;19.785651107;16.57269646;22.211312666;16.0717096299999
23000;V;20.484445934;17.02559834;22.211312666;16.0717096299999
38000;V;22.211312666;16.0717096299999;22.3810876420001;15.4778396699999
23000;V;22.211312666;16.0717096299999;21.540620863;17.32543585
38000;H;22.211312666;16.0717096299999;21.781547275;16.2771128799999
23000;H;22.211312666;16.0717096299999;22.7230390850001;15.18784198
38000;V;22.211312666;16.0717096299999;20.270614879;16.15529002
38000;V;22.340982439;21.64471027;22.270071307;21.79194365
38000;H;27.151724207;19.70670678;27.536092451;20.29047936
38000;H;21.709182491;20.6713745;21.691334513;20.79294245
38000;V;21.983209451;19.6983181499999;21.767643852;19.73191259
38000;V;10.932769433;23.1380902;12.151661238;21.97638225
38000;V;21.00597977;25.84871591;20.767033913;23.01534131
38000;V;24.234569126;22.78787897;24.8441803060001;23.61977489
38000;V;24.234569126;22.78787897;24.53132203;23.13959546
38000;V;17.258348663;24.07783922;17.498024761;24.01077041
38000;V;15.954027916;20.3956699100001;16.286935279;20.43700797
38000;H;15.954027916;20.3956699100001;16.2220594349999;20.36987025
23000;V;21.00597977;25.84871591;18.519638534;23.54370461
23000;H;20.728840022;12.5998985900001;20.861232642;12.14051651
38000;V;19.549764325;16.54709782;19.447632933;16.5536468
23000;V;23.41260661;14.7661777300001;24.253273266;15.05362142
38000;V;22.833365277;19.61183682;23.276929173;19.34940381
38000;V;22.833365277;19.61183682;23.169488103;19.67903906
38000;V;18.927893404;22.07225433;18.915015288;21.9801575
38000;V;11.171108861;17.06590418;11.570992936;17.7823162
38000;V;22.666516589;21.06097058;22.485835531;21.13934786
23000;H;21.00597977;25.84871591;20.546498291;23.46444481
38000;V;20.504249452;14.4907702200001;20.017942872;14.69782283
38000;V;20.504249452;14.4907702200001;21.486871182;14.08167747
38000;V;21.005395744;13.86699917;20.201081586;13.92116332
38000;H;24.900140473;14.8705954499999;24.648682544;14.99873909
38000;V;24.900140473;14.8705954499999;25.335019956;15.0183536100001
38000;V;25.328433555;14.11503997;25.822853269;14.07139748
38000;V;22.3810876420001;15.4778396699999;22.5391498369999;15.8257208
38000;V;14.887530289;18.79095898;15.698907719;18.89803491
23000;H;21.00597977;25.84871591;21.064315148;23.45663511
23000;H;21.00597977;25.84871591;21.005159035;23.46257386
38000;V;17.498024761;24.01077041;17.426641176;24.10544967
38000;V;19.654527101;26.38100222;16.850500307;24.13851279
23000;V;21.00597977;25.84871591;20.159892181;23.63015133
23000;H;21.00597977;25.84871591;19.702429636;23.38556543
23000;H;21.00597977;25.84871591;19.116354435;23.53169863
23000;H;21.00597977;25.84871591;21.711525439;23.93599462
38000;V;21.00597977;25.84871591;21.244608624;23.95328906
38000;H;21.00597977;25.84871591;21.346685274;25.31919041
23000;V;21.00597977;25.84871591;24.160772766;25.07020891
23000;H;21.00597977;25.84871591;23.7695927649999;24.86334009
38000;V;21.00597977;25.84871591;21.70186097;26.08248418
23000;V;22.128608361;24.67273638;21.00597977;25.84871591
38000;V;21.395827896;24.13304923;21.00597977;25.84871591
38000;H;21.00597977;25.84871591;21.443740282;25.6888134400001
38000;V;21.00597977;25.84871591;22.924406926;26.09353464
23000;V;21.00597977;25.84871591;21.728876428;23.84318081
38000;V;21.00597977;25.84871591;21.693177867;24.0507741799999
23000;H;21.514007666;24.73116185;21.00597977;25.84871591
23000;V;21.00597977;25.84871591;22.1607768;25.76412852
38000;V;21.00597977;25.84871591;22.312811018;26.03952813
38000;V;23.386061886;24.13687835;23.200556248;24.14699146
38000;H;24.17992796;25.49322889;23.792588547;25.52376085
38000;H;24.17992796;25.49322889;23.694757227;26.12432031
38000;V;24.17992796;25.49322889;22.371023886;25.5575519
23000;V;24.17992796;25.49322889;28.423806401;25.76766369
38000;V;24.17992796;25.49322889;21.8839811870001;25.88005591
38000;V;24.17992796;25.49322889;23.821762592;26.51044573
38000;V;24.17992796;25.49322889;22.923546273;25.33215365
23000;V;24.080849725;23.55008858;22.2023323989999;25.41072878
38000;V;22.128608361;24.67273638;22.61993337;24.59416452
38000;V;21.514007666;24.73116185;19.710354244;25.22910774
23000;H;21.514007666;24.73116185;18.857462524;25.26076186
23000;H;20.76622944;24.26097006;19.654527101;26.38100222
23000;V;23.001225774;26.90001804;23.1219871800001;25.70661412
38000;V;26.193059168;26.74774494;25.062678026;25.64667403
38000;V;26.193059168;26.74774494;28.345516773;25.3436702000001
38000;H;22.984310041;24.64278836;22.2023323989999;25.41072878
38000;H;26.193059168;26.74774494;26.377460335;25.70734741
38000;H;24.160772766;25.07020891;23.389832896;25.43731255
38000;V;24.160772766;25.07020891;24.510724748;24.8084580099999
23000;V;18.769824854;26.65627578;17.19756113;25.5146266899999
23000;H;18.769824854;26.65627578;16.530845979;24.8519649
38000;V;18.769824854;26.65627578;19.654527101;26.38100222
23000;V;18.769824854;26.65627578;13.90013534;27.64899945
23000;V;18.769824854;26.65627578;17.605033381;24.74419101
38000;H;18.769824854;26.65627578;17.887141945;26.96323959
23000;V;18.769824854;26.65627578;16.425405028;25.2064886
38000;H;19.74214068;26.26010584;19.654527101;26.38100222
38000;H;17.605033381;24.74419101;17.461714163;24.6357864400001
38000;V;21.70186097;26.08248418;21.622366382;26.29640522
23000;V;16.8755571100001;24.83553302;19.654527101;26.38100222
38000;V;17.404610045;24.7219476;19.654527101;26.38100222
38000;V;20.587215366;27.8512885199999;19.654527101;26.38100222
38000;V;19.654527101;26.38100222;21.819323885;26.9866174399999
38000;H;19.654527101;26.38100222;19.105875318;26.1864658
38000;V;19.654527101;26.38100222;19.993908019;26.77277789
23000;V;19.654527101;26.38100222;23.001624048;24.7165041
23000;V;21.553326383;28.09151911;19.654527101;26.38100222
23000;V;19.654527101;26.38100222;16.939771313;28.06961294
38000;H;19.43864896;26.74534608;19.654527101;26.38100222
38000;V;19.654527101;26.38100222;20.506830968;26.47489674
38000;V;18.679028938;27.20769832;19.654527101;26.38100222
23000;V;19.654527101;26.38100222;22.580677551;27.8177077499999
23000;H;19.654527101;26.38100222;17.806583379;24.32966552
23000;H;16.405553149;27.09083812;16.310291537;26.54105284
38000;V;10.932769433;23.1380902;11.050472144;22.04838601
38000;V;10.4564316069999;20.66502879;10.71030267;21.23544441
38000;H;10.4564316069999;20.66502879;10.819752589;19.5227444
23000;V;26.193059168;26.74774494;28.828253596;25.41524553
38000;V;23.213877795;24.29702863;22.690628819;23.96268218
38000;V;14.5487726359999;25.59344456;12.4862815489999;25.38121296
38000;V;20.859284313;27.1184566499999;20.506830968;26.47489674
38000;H;21.728876428;23.84318081;21.711525439;23.93599462
38000;V;22.499358216;25.91166984;22.1607768;25.76412852
38000;V;26.193059168;26.74774494;27.05680891;24.97651017
23000;H;26.193059168;26.74774494;24.95157317;25.24713292
38000;V;26.193059168;26.74774494;25.9580922449999;25.97439061
38000;V;26.193059168;26.74774494;23.81783322;27.84062522
23000;V;26.193059168;26.74774494;26.712901882;25.87583341
38000;V;26.193059168;26.74774494;25.907520745;28.12375978
23000;V;26.193059168;26.74774494;29.136267158;26.17781291
23000;V;26.193059168;26.74774494;24.705710047;29.8492495
38000;V;26.193059168;26.74774494;26.9862721760001;26.30971974
38000;H;26.193059168;26.74774494;26.569140898;26.54585668
38000;V;25.907520745;28.12375978;24.8245620030001;28.21306507
38000;V;26.939269506;28.23217032;25.907520745;28.12375978
38000;V;25.48429922;26.35928498;25.9580922449999;25.97439061
38000;V;21.8260370360001;27.2560658;22.580677551;27.8177077499999
38000;V;22.913596047;26.52815488;23.821762592;26.51044573
38000;V;13.90013534;27.64899945;15.64155987;29.1636451
38000;V;27.872043164;27.86284809;26.569140898;26.54585668
38000;H;26.783589163;27.14585092;26.569140898;26.54585668
23000;H;15.64155987;29.1636451;12.353433045;29.2144488
